<skins>
    <skin>
        <att name="Name" value="sknPhoneNormalSampleApp" type="String"/>
        <att name="WidgetType" value="Phone" type="String"/>
        <att name="Bg_type" value="1" type="int"/>
        <att name="Background_color" value="255,255,255" type="RGB"/>
        <att name="Rightbackground_color" value="255,255,255" type="RGB"/>
        <att name="Bg_gradient_style" value="0" type="int"/>
        <att name="Rightbg_gradient_style" value="0" type="int"/>
        <att name="Background_gradient_top_color" value="239,239,239" type="RGB"/>
        <att name="Background_gradient_bottom_color" value="190,190,190" type="RGB"/>
        <att name="Rightbackground_gradient_top_color" value="255,255,255" type="RGB"/>
        <att name="Rightbackground_gradient_bottom_color" value="255,255,255" type="RGB"/>
        <att name="Background_gradient_top_colorSet" value="1" type="int"/>
        <att name="Background_gradient_bottom_colorSet" value="1" type="int"/>
        <att name="Background_image" value="" type="String"/>
        <att name="MobileBackground_image" value="" type="String"/>
        <att name="TabletBackground_image" value="" type="String"/>
        <att name="DesktopBackground_image" value="" type="String"/>
        <att name="Right_background_image" value="" type="String"/>
        <att name="Mobile_right_background_image" value="" type="String"/>
        <att name="Tablet_right_background_image" value="" type="String"/>
        <att name="Desktop_right_background_image" value="" type="String"/>
        <att name="Bg_iphone_image" value="" type="String"/>
        <att name="Bg_android_image" value="" type="String"/>
        <att name="Bg_palm_image" value="" type="String"/>
        <att name="Bg_normal_image" value="" type="String"/>
        <att name="Bg_medium_image" value="" type="String"/>
        <att name="Bg_small_image" value="" type="String"/>
        <att name="Bg_gradient" value="false,0,00000000 0,ffffff00 100,midpoints:50,positions:0 545,xpositionValues:0 100" type="String"/>
        <att name="Bg_bb_image" value="" type="String"/>
        <att name="Bg_bb10_image" value="" type="String"/>
        <att name="Bg_winmobile_image" value="" type="String"/>
        <att name="Bg_winphone8_image" value="" type="String"/>
        <att name="Bg_windows8_image" value="" type="String"/>
        <att name="Bg_winmobile6x_image" value="" type="String"/>
        <att name="Bg_iphoneiui_image" value="" type="String"/>
        <att name="Bg_j2me_image" value="" type="String"/>
        <att name="Bg_symbian_image" value="" type="String"/>
        <att name="Bg_ipad_image" value="" type="String"/>
        <att name="Bg_android_rc_tablet_image" value="" type="String"/>
        <att name="Bg_adviphone_image" value="" type="String"/>
        <att name="Bg_adv_bb_image" value="" type="String"/>
        <att name="Bg_advpalm_image" value="" type="String"/>
        <att name="Bg_advandroid_image" value="" type="String"/>
        <att name="Bg_advother_image" value="" type="String"/>
        <att name="Bg_advnth_image" value="" type="String"/>
        <att name="Bg_spaiphone_image" value="" type="String"/>
        <att name="Bg_spabb_image" value="" type="String"/>
        <att name="Bg_spaandroid_image" value="" type="String"/>
        <att name="Bg_spa_windows_image" value="" type="String"/>
        <att name="Bg_spa_winphone8_image" value="" type="String"/>
        <att name="Bg_spa_bbnth_image" value="" type="String"/>
        <att name="Bg_js240_image" value="" type="String"/>
        <att name="Bg_js320_image" value="" type="String"/>
        <att name="Bg_js480_image" value="" type="String"/>
        <att name="Bg_desktopKiosk_image" value="" type="String"/>
        <att name="Bg_desktopWeb_image" value="" type="String"/>
        <att name="Bg_spaipad_image" value="" type="String"/>
        <att name="Bg_spaandroid_tablet_image" value="" type="String"/>
        <att name="Bg_spawindows_tablet_image" value="" type="String"/>
        <att name="Font_weight" value="normal" type="String"/>
        <att name="Font_style" value="none" type="String"/>
        <att name="Font_size" value="130" type="String"/>
        <att name="Font_color" value="0,0,0" type="RGB"/>
        <att name="Font_color_alpha" value="0" type="String"/>
        <att name="Rightfont_weight" value="normal" type="String"/>
        <att name="Rightfont_style" value="" type="String"/>
        <att name="Rightfont_size" value="100" type="String"/>
        <att name="Rightfont_name" value="None" type="String"/>
        <att name="BorderType" value="0" type="int"/>
        <att name="Border_color" value="0,0,0" type="RGB"/>
        <att name="Border_width" value="0" type="Integer"/>
        <att name="Border_style" value="0" type="int"/>
        <att name="Bg_img_style" value="0" type="int"/>
        <att name="Bg_one_color_style" value="0" type="int"/>
        <att name="Platform" value="45" type="int"/>
        <att name="arcRadius" value="0" type="int"/>
        <att name="Stretch_image" value="false" type="Boolean"/>
        <att name="Bg_height" value="15" type="Integer"/>
        <att name="Repeat_image" value="false" type="Boolean"/>
        <att name="Repeat_vertically_image" value="false" type="Boolean"/>
        <att name="CustomCss" value="false" type="Boolean"/>
        <att name="Split_value" value="50" type="String"/>
        <att name="Bg_alpha" value="0" type="String"/>
        <att name="Bg_top_alpha" value="0" type="String"/>
        <att name="Bg_bottom_alpha" value="0" type="String"/>
        <att name="Right_bg_alpha" value="0" type="String"/>
        <att name="Right_bg_top_alpha" value="0" type="String"/>
        <att name="Right_bg_bottom_alpha" value="0" type="String"/>
        <att name="Border_color_alpha" value="0" type="String"/>
        <att name="PgIndicatorImgURL" value="" type="String"/>
        <att name="PgIndicatorImgPositon" value="left" type="String"/>
        <att name="PgIndicatorImgWidget" value="Button" type="String"/>
        <att name="ProgressIndicatorComposite_style" value="3" type="int"/>
        <att name="ProgressIndicatorComposite_color" value="255,255,255" type="RGB"/>
        <att name="ProgressIndicatorColourOpacity" value="100" type="int"/>
        <att name="BlockingImgURL" value="" type="String"/>
        <att name="BlockingImgPositon" value="" type="String"/>
        <att name="BlockingImgWidget" value="Button" type="String"/>
       <att name="TopBorderWidth" value="1" type="int"/>
       <att name="TopBorderColor" value="165,165,165" type="RGB"/>
       <att name="TopBorderColorTransparency" value="0" type="int"/>
       <att name="TopBorderStyle" value="plain" type="String"/>
       <att name="TopBorderRadius" value="10" type="int"/>
       <att name="LeftBorderWidth" value="1" type="int"/>
       <att name="LeftBorderColor" value="165,165,165" type="RGB"/>
       <att name="LeftBorderColorTransparency" value="0" type="int"/>
       <att name="LeftBorderStyle" value="plain" type="String"/>
       <att name="LeftBorderRadius" value="10" type="int"/>
       <att name="BottomBorderWidth" value="1" type="int"/>
       <att name="BottomBorderColor" value="165,165,165" type="RGB"/>
       <att name="BottomBorderColorTransparency" value="0" type="int"/>
       <att name="BottomBorderStyle" value="plain" type="String"/>
       <att name="BottomBorderRadius" value="10" type="int"/>
       <att name="RightBorderWidth" value="1" type="int"/>
       <att name="RightBorderColor" value="165,165,165" type="RGB"/>
       <att name="RightBorderColorTransparency" value="0" type="int"/>
       <att name="RightBorderStyle" value="plain" type="String"/>
       <att name="RightBorderRadius" value="10" type="int"/>
       <att name="Child_topBorderRadius" value="10" type="int"/>
       <att name="Child_leftBorderRadius" value="10" type="int"/>
       <att name="Child_rightBorderRadius" value="10" type="int"/>
       <att name="Child_bottomBorderRadius" value="10" type="int"/>
<att name="Shadow_color" value="0,0,0" type="RGB"/>
<att name="Shadow_x" value="0" type="Integer"/>
<att name="Shadow_y" value="0" type="Integer"/>
<att name="BlurRadius" value="0" type="Integer"/>
<att name="InnerShadow" value="false" type="Boolean"/>
        <att name="ApplicablePlatforms" value="1111100111110111111111110000111" type="String"/>
        <att name="UseNative" value="false" type="Boolean"/>
        <att name="Font_color_override" value="true" type="Boolean"/>
        <att name="Font_name_override" value="true" type="Boolean"/>
        <att name="Font_size_override" value="true" type="Boolean"/>
        <att name="Font_style_override" value="true" type="Boolean"/>
        <att name="Font_weight_override" value="true" type="Boolean"/>
        <att name="Bg_color_override" value="true" type="Boolean"/>
        <att name="Chart2d3dProperties" value="" type="String"/>
    </skin>
    <skin>
        <att name="Name" value="sknPhoneFocusSampleApp" type="String"/>
        <att name="WidgetType" value="Phone" type="String"/>
        <att name="Bg_type" value="1" type="int"/>
        <att name="Background_color" value="255,255,255" type="RGB"/>
        <att name="Rightbackground_color" value="255,255,255" type="RGB"/>
        <att name="Bg_gradient_style" value="0" type="int"/>
        <att name="Rightbg_gradient_style" value="0" type="int"/>
        <att name="Background_gradient_top_color" value="255,158,0" type="RGB"/>
        <att name="Background_gradient_bottom_color" value="255,162,24" type="RGB"/>
        <att name="Rightbackground_gradient_top_color" value="255,255,255" type="RGB"/>
        <att name="Rightbackground_gradient_bottom_color" value="255,255,255" type="RGB"/>
        <att name="Background_gradient_top_colorSet" value="1" type="int"/>
        <att name="Background_gradient_bottom_colorSet" value="1" type="int"/>
        <att name="Background_image" value="" type="String"/>
        <att name="MobileBackground_image" value="" type="String"/>
        <att name="TabletBackground_image" value="" type="String"/>
        <att name="DesktopBackground_image" value="" type="String"/>
        <att name="Right_background_image" value="" type="String"/>
        <att name="Mobile_right_background_image" value="" type="String"/>
        <att name="Tablet_right_background_image" value="" type="String"/>
        <att name="Desktop_right_background_image" value="" type="String"/>
        <att name="Bg_iphone_image" value="" type="String"/>
        <att name="Bg_android_image" value="" type="String"/>
        <att name="Bg_palm_image" value="" type="String"/>
        <att name="Bg_normal_image" value="" type="String"/>
        <att name="Bg_medium_image" value="" type="String"/>
        <att name="Bg_small_image" value="" type="String"/>
        <att name="Bg_gradient" value="false,0,00000000 0,ffffff00 100,midpoints:50,positions:0 545,xpositionValues:0 100" type="String"/>
        <att name="Bg_bb_image" value="" type="String"/>
        <att name="Bg_bb10_image" value="" type="String"/>
        <att name="Bg_winmobile_image" value="" type="String"/>
        <att name="Bg_winphone8_image" value="" type="String"/>
        <att name="Bg_windows8_image" value="" type="String"/>
        <att name="Bg_winmobile6x_image" value="" type="String"/>
        <att name="Bg_iphoneiui_image" value="" type="String"/>
        <att name="Bg_j2me_image" value="" type="String"/>
        <att name="Bg_symbian_image" value="" type="String"/>
        <att name="Bg_ipad_image" value="" type="String"/>
        <att name="Bg_android_rc_tablet_image" value="" type="String"/>
        <att name="Bg_adviphone_image" value="" type="String"/>
        <att name="Bg_adv_bb_image" value="" type="String"/>
        <att name="Bg_advpalm_image" value="" type="String"/>
        <att name="Bg_advandroid_image" value="" type="String"/>
        <att name="Bg_advother_image" value="" type="String"/>
        <att name="Bg_advnth_image" value="" type="String"/>
        <att name="Bg_spaiphone_image" value="" type="String"/>
        <att name="Bg_spabb_image" value="" type="String"/>
        <att name="Bg_spaandroid_image" value="" type="String"/>
        <att name="Bg_spa_windows_image" value="" type="String"/>
        <att name="Bg_spa_winphone8_image" value="" type="String"/>
        <att name="Bg_spa_bbnth_image" value="" type="String"/>
        <att name="Bg_js240_image" value="" type="String"/>
        <att name="Bg_js320_image" value="" type="String"/>
        <att name="Bg_js480_image" value="" type="String"/>
        <att name="Bg_desktopKiosk_image" value="" type="String"/>
        <att name="Bg_desktopWeb_image" value="" type="String"/>
        <att name="Bg_spaipad_image" value="" type="String"/>
        <att name="Bg_spaandroid_tablet_image" value="" type="String"/>
        <att name="Bg_spawindows_tablet_image" value="" type="String"/>
        <att name="Font_weight" value="normal" type="String"/>
        <att name="Font_style" value="none" type="String"/>
        <att name="Font_size" value="130" type="String"/>
        <att name="Font_color" value="0,0,0" type="RGB"/>
        <att name="Font_color_alpha" value="0" type="String"/>
        <att name="Rightfont_weight" value="normal" type="String"/>
        <att name="Rightfont_style" value="" type="String"/>
        <att name="Rightfont_size" value="100" type="String"/>
        <att name="Rightfont_name" value="None" type="String"/>
        <att name="BorderType" value="0" type="int"/>
        <att name="Border_color" value="0,0,0" type="RGB"/>
        <att name="Border_width" value="0" type="Integer"/>
        <att name="Border_style" value="0" type="int"/>
        <att name="Bg_img_style" value="0" type="int"/>
        <att name="Bg_one_color_style" value="0" type="int"/>
        <att name="Platform" value="45" type="int"/>
        <att name="arcRadius" value="0" type="int"/>
        <att name="Stretch_image" value="false" type="Boolean"/>
        <att name="Bg_height" value="15" type="Integer"/>
        <att name="Repeat_image" value="false" type="Boolean"/>
        <att name="Repeat_vertically_image" value="false" type="Boolean"/>
        <att name="CustomCss" value="false" type="Boolean"/>
        <att name="Split_value" value="50" type="String"/>
        <att name="Bg_alpha" value="0" type="String"/>
        <att name="Bg_top_alpha" value="0" type="String"/>
        <att name="Bg_bottom_alpha" value="0" type="String"/>
        <att name="Right_bg_alpha" value="0" type="String"/>
        <att name="Right_bg_top_alpha" value="0" type="String"/>
        <att name="Right_bg_bottom_alpha" value="0" type="String"/>
        <att name="Border_color_alpha" value="0" type="String"/>
        <att name="PgIndicatorImgURL" value="" type="String"/>
        <att name="PgIndicatorImgPositon" value="left" type="String"/>
        <att name="PgIndicatorImgWidget" value="Button" type="String"/>
        <att name="ProgressIndicatorComposite_style" value="3" type="int"/>
        <att name="ProgressIndicatorComposite_color" value="255,255,255" type="RGB"/>
        <att name="ProgressIndicatorColourOpacity" value="100" type="int"/>
        <att name="BlockingImgURL" value="" type="String"/>
        <att name="BlockingImgPositon" value="" type="String"/>
        <att name="BlockingImgWidget" value="Button" type="String"/>
       <att name="TopBorderWidth" value="1" type="int"/>
       <att name="TopBorderColor" value="99,99,99" type="RGB"/>
       <att name="TopBorderColorTransparency" value="0" type="int"/>
       <att name="TopBorderStyle" value="plain" type="String"/>
       <att name="TopBorderRadius" value="10" type="int"/>
       <att name="LeftBorderWidth" value="1" type="int"/>
       <att name="LeftBorderColor" value="99,99,99" type="RGB"/>
       <att name="LeftBorderColorTransparency" value="0" type="int"/>
       <att name="LeftBorderStyle" value="plain" type="String"/>
       <att name="LeftBorderRadius" value="10" type="int"/>
       <att name="BottomBorderWidth" value="1" type="int"/>
       <att name="BottomBorderColor" value="99,99,99" type="RGB"/>
       <att name="BottomBorderColorTransparency" value="0" type="int"/>
       <att name="BottomBorderStyle" value="plain" type="String"/>
       <att name="BottomBorderRadius" value="10" type="int"/>
       <att name="RightBorderWidth" value="1" type="int"/>
       <att name="RightBorderColor" value="99,99,99" type="RGB"/>
       <att name="RightBorderColorTransparency" value="0" type="int"/>
       <att name="RightBorderStyle" value="plain" type="String"/>
       <att name="RightBorderRadius" value="10" type="int"/>
       <att name="Child_topBorderRadius" value="10" type="int"/>
       <att name="Child_leftBorderRadius" value="10" type="int"/>
       <att name="Child_rightBorderRadius" value="10" type="int"/>
       <att name="Child_bottomBorderRadius" value="10" type="int"/>
<att name="Shadow_color" value="0,0,0" type="RGB"/>
<att name="Shadow_x" value="0" type="Integer"/>
<att name="Shadow_y" value="0" type="Integer"/>
<att name="BlurRadius" value="0" type="Integer"/>
<att name="InnerShadow" value="false" type="Boolean"/>
        <att name="ApplicablePlatforms" value="1111100111110111111111110000111" type="String"/>
        <att name="UseNative" value="false" type="Boolean"/>
        <att name="Font_color_override" value="true" type="Boolean"/>
        <att name="Font_name_override" value="true" type="Boolean"/>
        <att name="Font_size_override" value="true" type="Boolean"/>
        <att name="Font_style_override" value="true" type="Boolean"/>
        <att name="Font_weight_override" value="true" type="Boolean"/>
        <att name="Bg_color_override" value="true" type="Boolean"/>
        <att name="Chart2d3dProperties" value="" type="String"/>
    </skin>
    <skin>
        <att name="Name" value="sknLblNormalBlack" type="String"/>
        <att name="WidgetType" value="Label" type="String"/>
        <att name="Bg_type" value="3" type="int"/>
        <att name="Background_color" value="255,255,255" type="RGB"/>
        <att name="Rightbackground_color" value="255,255,255" type="RGB"/>
        <att name="Bg_gradient_style" value="0" type="int"/>
        <att name="Rightbg_gradient_style" value="0" type="int"/>
        <att name="Background_gradient_top_color" value="255,255,255" type="RGB"/>
        <att name="Background_gradient_bottom_color" value="255,255,255" type="RGB"/>
        <att name="Rightbackground_gradient_top_color" value="255,255,255" type="RGB"/>
        <att name="Rightbackground_gradient_bottom_color" value="255,255,255" type="RGB"/>
        <att name="Background_gradient_top_colorSet" value="0" type="int"/>
        <att name="Background_gradient_bottom_colorSet" value="0" type="int"/>
        <att name="Background_image" value="" type="String"/>
        <att name="MobileBackground_image" value="" type="String"/>
        <att name="TabletBackground_image" value="" type="String"/>
        <att name="DesktopBackground_image" value="" type="String"/>
        <att name="Right_background_image" value="" type="String"/>
        <att name="Mobile_right_background_image" value="" type="String"/>
        <att name="Tablet_right_background_image" value="" type="String"/>
        <att name="Desktop_right_background_image" value="" type="String"/>
        <att name="Bg_iphone_image" value="" type="String"/>
        <att name="Bg_android_image" value="" type="String"/>
        <att name="Bg_palm_image" value="" type="String"/>
        <att name="Bg_normal_image" value="" type="String"/>
        <att name="Bg_medium_image" value="" type="String"/>
        <att name="Bg_small_image" value="" type="String"/>
        <att name="Bg_gradient" value="false,0,00000000 0,ffffff00 100,midpoints:50,positions:0 545,xpositionValues:0 100" type="String"/>
        <att name="Bg_bb_image" value="" type="String"/>
        <att name="Bg_bb10_image" value="" type="String"/>
        <att name="Bg_winmobile_image" value="" type="String"/>
        <att name="Bg_winphone8_image" value="" type="String"/>
        <att name="Bg_windows8_image" value="" type="String"/>
        <att name="Bg_winmobile6x_image" value="" type="String"/>
        <att name="Bg_iphoneiui_image" value="" type="String"/>
        <att name="Bg_j2me_image" value="" type="String"/>
        <att name="Bg_symbian_image" value="" type="String"/>
        <att name="Bg_ipad_image" value="" type="String"/>
        <att name="Bg_android_rc_tablet_image" value="" type="String"/>
        <att name="Bg_adviphone_image" value="" type="String"/>
        <att name="Bg_adv_bb_image" value="" type="String"/>
        <att name="Bg_advpalm_image" value="" type="String"/>
        <att name="Bg_advandroid_image" value="" type="String"/>
        <att name="Bg_advother_image" value="" type="String"/>
        <att name="Bg_advnth_image" value="" type="String"/>
        <att name="Bg_spaiphone_image" value="" type="String"/>
        <att name="Bg_spabb_image" value="" type="String"/>
        <att name="Bg_spaandroid_image" value="" type="String"/>
        <att name="Bg_spa_windows_image" value="" type="String"/>
        <att name="Bg_spa_winphone8_image" value="" type="String"/>
        <att name="Bg_spa_bbnth_image" value="" type="String"/>
        <att name="Bg_js240_image" value="" type="String"/>
        <att name="Bg_js320_image" value="" type="String"/>
        <att name="Bg_js480_image" value="" type="String"/>
        <att name="Bg_desktopKiosk_image" value="" type="String"/>
        <att name="Bg_desktopWeb_image" value="" type="String"/>
        <att name="Bg_spaipad_image" value="" type="String"/>
        <att name="Bg_spaandroid_tablet_image" value="" type="String"/>
        <att name="Bg_spawindows_tablet_image" value="" type="String"/>
        <att name="Font_weight" value="normal" type="String"/>
        <att name="Font_style" value="none" type="String"/>
        <att name="Font_size" value="130" type="String"/>
        <att name="Font_color" value="0,0,0" type="RGB"/>
        <att name="Font_color_alpha" value="0" type="String"/>
        <att name="Rightfont_weight" value="normal" type="String"/>
        <att name="Rightfont_style" value="" type="String"/>
        <att name="Rightfont_size" value="100" type="String"/>
        <att name="Rightfont_name" value="None" type="String"/>
        <att name="BorderType" value="0" type="int"/>
        <att name="Border_color" value="0,0,0" type="RGB"/>
        <att name="Border_width" value="0" type="Integer"/>
        <att name="Border_style" value="0" type="int"/>
        <att name="Bg_img_style" value="0" type="int"/>
        <att name="Bg_one_color_style" value="0" type="int"/>
        <att name="Platform" value="45" type="int"/>
        <att name="arcRadius" value="0" type="int"/>
        <att name="Stretch_image" value="false" type="Boolean"/>
        <att name="Bg_height" value="15" type="Integer"/>
        <att name="Repeat_image" value="false" type="Boolean"/>
        <att name="Repeat_vertically_image" value="false" type="Boolean"/>
        <att name="CustomCss" value="false" type="Boolean"/>
        <att name="Split_value" value="50" type="String"/>
        <att name="Bg_alpha" value="0" type="String"/>
        <att name="Bg_top_alpha" value="0" type="String"/>
        <att name="Bg_bottom_alpha" value="0" type="String"/>
        <att name="Right_bg_alpha" value="0" type="String"/>
        <att name="Right_bg_top_alpha" value="0" type="String"/>
        <att name="Right_bg_bottom_alpha" value="0" type="String"/>
        <att name="Border_color_alpha" value="0" type="String"/>
        <att name="PgIndicatorImgURL" value="" type="String"/>
        <att name="PgIndicatorImgPositon" value="" type="String"/>
        <att name="PgIndicatorImgWidget" value="Button" type="String"/>
        <att name="ProgressIndicatorComposite_style" value="3" type="int"/>
        <att name="ProgressIndicatorComposite_color" value="255,255,255" type="RGB"/>
        <att name="ProgressIndicatorColourOpacity" value="100" type="int"/>
        <att name="BlockingImgURL" value="" type="String"/>
        <att name="BlockingImgPositon" value="" type="String"/>
        <att name="BlockingImgWidget" value="Button" type="String"/>
       <att name="TopBorderWidth" value="0" type="int"/>
       <att name="TopBorderColor" value="0,0,0" type="RGB"/>
       <att name="TopBorderColorTransparency" value="0" type="int"/>
       <att name="TopBorderStyle" value="plain" type="String"/>
       <att name="TopBorderRadius" value="10" type="int"/>
       <att name="LeftBorderWidth" value="0" type="int"/>
       <att name="LeftBorderColor" value="0,0,0" type="RGB"/>
       <att name="LeftBorderColorTransparency" value="0" type="int"/>
       <att name="LeftBorderStyle" value="plain" type="String"/>
       <att name="LeftBorderRadius" value="10" type="int"/>
       <att name="BottomBorderWidth" value="0" type="int"/>
       <att name="BottomBorderColor" value="0,0,0" type="RGB"/>
       <att name="BottomBorderColorTransparency" value="0" type="int"/>
       <att name="BottomBorderStyle" value="plain" type="String"/>
       <att name="BottomBorderRadius" value="10" type="int"/>
       <att name="RightBorderWidth" value="0" type="int"/>
       <att name="RightBorderColor" value="0,0,0" type="RGB"/>
       <att name="RightBorderColorTransparency" value="0" type="int"/>
       <att name="RightBorderStyle" value="plain" type="String"/>
       <att name="RightBorderRadius" value="10" type="int"/>
       <att name="Child_topBorderRadius" value="10" type="int"/>
       <att name="Child_leftBorderRadius" value="10" type="int"/>
       <att name="Child_rightBorderRadius" value="10" type="int"/>
       <att name="Child_bottomBorderRadius" value="10" type="int"/>
<att name="Shadow_color" value="0,0,0" type="RGB"/>
<att name="Shadow_x" value="0" type="Integer"/>
<att name="Shadow_y" value="0" type="Integer"/>
<att name="BlurRadius" value="0" type="Integer"/>
<att name="InnerShadow" value="false" type="Boolean"/>
<att name="TxtShadow_color" value="0,0,0" type="RGB"/>
<att name="TxtShadow_x" value="0" type="Integer"/>
<att name="TxtShadow_y" value="0" type="Integer"/>
<att name="TxtBlurRadius" value="0" type="Integer"/>
        <att name="FontNameMap" value="XHTML Adv Android,Arial" type="map"/>
        <att name="FontNameMap" value="SPA Android,Arial" type="map"/>
        <att name="ApplicablePlatforms" value="1111100111110111111111110000111" type="String"/>
        <att name="UseNative" value="false" type="Boolean"/>
        <att name="Font_color_override" value="true" type="Boolean"/>
        <att name="Font_name_override" value="true" type="Boolean"/>
        <att name="Font_size_override" value="true" type="Boolean"/>
        <att name="Font_style_override" value="true" type="Boolean"/>
        <att name="Font_weight_override" value="true" type="Boolean"/>
        <att name="Bg_color_override" value="true" type="Boolean"/>
        <att name="Chart2d3dProperties" value="" type="String"/>
    </skin>
    <skin>
        <att name="Name" value="sknLblFontBlack" type="String"/>
        <att name="WidgetType" value="Label" type="String"/>
        <att name="Bg_type" value="3" type="int"/>
        <att name="Background_color" value="255,255,255" type="RGB"/>
        <att name="Rightbackground_color" value="255,255,255" type="RGB"/>
        <att name="Bg_gradient_style" value="0" type="int"/>
        <att name="Rightbg_gradient_style" value="0" type="int"/>
        <att name="Background_gradient_top_color" value="255,255,255" type="RGB"/>
        <att name="Background_gradient_bottom_color" value="255,255,255" type="RGB"/>
        <att name="Rightbackground_gradient_top_color" value="255,255,255" type="RGB"/>
        <att name="Rightbackground_gradient_bottom_color" value="255,255,255" type="RGB"/>
        <att name="Background_gradient_top_colorSet" value="0" type="int"/>
        <att name="Background_gradient_bottom_colorSet" value="0" type="int"/>
        <att name="Background_image" value="" type="String"/>
        <att name="MobileBackground_image" value="" type="String"/>
        <att name="TabletBackground_image" value="" type="String"/>
        <att name="DesktopBackground_image" value="" type="String"/>
        <att name="Right_background_image" value="" type="String"/>
        <att name="Mobile_right_background_image" value="" type="String"/>
        <att name="Tablet_right_background_image" value="" type="String"/>
        <att name="Desktop_right_background_image" value="" type="String"/>
        <att name="Bg_iphone_image" value="" type="String"/>
        <att name="Bg_android_image" value="" type="String"/>
        <att name="Bg_palm_image" value="" type="String"/>
        <att name="Bg_normal_image" value="" type="String"/>
        <att name="Bg_medium_image" value="" type="String"/>
        <att name="Bg_small_image" value="" type="String"/>
        <att name="Bg_gradient" value="false,0,00000000 0,ffffff00 100,midpoints:50,positions:0 545,xpositionValues:0 100" type="String"/>
        <att name="Bg_bb_image" value="" type="String"/>
        <att name="Bg_bb10_image" value="" type="String"/>
        <att name="Bg_winmobile_image" value="" type="String"/>
        <att name="Bg_winphone8_image" value="" type="String"/>
        <att name="Bg_windows8_image" value="" type="String"/>
        <att name="Bg_winmobile6x_image" value="" type="String"/>
        <att name="Bg_iphoneiui_image" value="" type="String"/>
        <att name="Bg_j2me_image" value="" type="String"/>
        <att name="Bg_symbian_image" value="" type="String"/>
        <att name="Bg_ipad_image" value="" type="String"/>
        <att name="Bg_android_rc_tablet_image" value="" type="String"/>
        <att name="Bg_adviphone_image" value="" type="String"/>
        <att name="Bg_adv_bb_image" value="" type="String"/>
        <att name="Bg_advpalm_image" value="" type="String"/>
        <att name="Bg_advandroid_image" value="" type="String"/>
        <att name="Bg_advother_image" value="" type="String"/>
        <att name="Bg_advnth_image" value="" type="String"/>
        <att name="Bg_spaiphone_image" value="" type="String"/>
        <att name="Bg_spabb_image" value="" type="String"/>
        <att name="Bg_spaandroid_image" value="" type="String"/>
        <att name="Bg_spa_windows_image" value="" type="String"/>
        <att name="Bg_spa_winphone8_image" value="" type="String"/>
        <att name="Bg_spa_bbnth_image" value="" type="String"/>
        <att name="Bg_js240_image" value="" type="String"/>
        <att name="Bg_js320_image" value="" type="String"/>
        <att name="Bg_js480_image" value="" type="String"/>
        <att name="Bg_desktopKiosk_image" value="" type="String"/>
        <att name="Bg_desktopWeb_image" value="" type="String"/>
        <att name="Bg_spaipad_image" value="" type="String"/>
        <att name="Bg_spaandroid_tablet_image" value="" type="String"/>
        <att name="Bg_spawindows_tablet_image" value="" type="String"/>
        <att name="Font_weight" value="normal" type="String"/>
        <att name="Font_style" value="none" type="String"/>
        <att name="Font_size" value="130" type="String"/>
        <att name="Font_color" value="0,0,0" type="RGB"/>
        <att name="Font_color_alpha" value="0" type="String"/>
        <att name="Rightfont_weight" value="normal" type="String"/>
        <att name="Rightfont_style" value="" type="String"/>
        <att name="Rightfont_size" value="100" type="String"/>
        <att name="Rightfont_name" value="None" type="String"/>
        <att name="BorderType" value="0" type="int"/>
        <att name="Border_color" value="0,0,0" type="RGB"/>
        <att name="Border_width" value="0" type="Integer"/>
        <att name="Border_style" value="0" type="int"/>
        <att name="Bg_img_style" value="0" type="int"/>
        <att name="Bg_one_color_style" value="0" type="int"/>
        <att name="Platform" value="45" type="int"/>
        <att name="arcRadius" value="0" type="int"/>
        <att name="Stretch_image" value="false" type="Boolean"/>
        <att name="Bg_height" value="15" type="Integer"/>
        <att name="Repeat_image" value="false" type="Boolean"/>
        <att name="Repeat_vertically_image" value="false" type="Boolean"/>
        <att name="CustomCss" value="false" type="Boolean"/>
        <att name="Split_value" value="50" type="String"/>
        <att name="Bg_alpha" value="0" type="String"/>
        <att name="Bg_top_alpha" value="0" type="String"/>
        <att name="Bg_bottom_alpha" value="0" type="String"/>
        <att name="Right_bg_alpha" value="0" type="String"/>
        <att name="Right_bg_top_alpha" value="0" type="String"/>
        <att name="Right_bg_bottom_alpha" value="0" type="String"/>
        <att name="Border_color_alpha" value="0" type="String"/>
        <att name="PgIndicatorImgURL" value="" type="String"/>
        <att name="PgIndicatorImgPositon" value="" type="String"/>
        <att name="PgIndicatorImgWidget" value="Button" type="String"/>
        <att name="ProgressIndicatorComposite_style" value="3" type="int"/>
        <att name="ProgressIndicatorComposite_color" value="255,255,255" type="RGB"/>
        <att name="ProgressIndicatorColourOpacity" value="100" type="int"/>
        <att name="BlockingImgURL" value="" type="String"/>
        <att name="BlockingImgPositon" value="" type="String"/>
        <att name="BlockingImgWidget" value="Button" type="String"/>
       <att name="TopBorderWidth" value="0" type="int"/>
       <att name="TopBorderColor" value="0,0,0" type="RGB"/>
       <att name="TopBorderColorTransparency" value="0" type="int"/>
       <att name="TopBorderStyle" value="plain" type="String"/>
       <att name="TopBorderRadius" value="10" type="int"/>
       <att name="LeftBorderWidth" value="0" type="int"/>
       <att name="LeftBorderColor" value="0,0,0" type="RGB"/>
       <att name="LeftBorderColorTransparency" value="0" type="int"/>
       <att name="LeftBorderStyle" value="plain" type="String"/>
       <att name="LeftBorderRadius" value="10" type="int"/>
       <att name="BottomBorderWidth" value="0" type="int"/>
       <att name="BottomBorderColor" value="0,0,0" type="RGB"/>
       <att name="BottomBorderColorTransparency" value="0" type="int"/>
       <att name="BottomBorderStyle" value="plain" type="String"/>
       <att name="BottomBorderRadius" value="10" type="int"/>
       <att name="RightBorderWidth" value="0" type="int"/>
       <att name="RightBorderColor" value="0,0,0" type="RGB"/>
       <att name="RightBorderColorTransparency" value="0" type="int"/>
       <att name="RightBorderStyle" value="plain" type="String"/>
       <att name="RightBorderRadius" value="10" type="int"/>
       <att name="Child_topBorderRadius" value="10" type="int"/>
       <att name="Child_leftBorderRadius" value="10" type="int"/>
       <att name="Child_rightBorderRadius" value="10" type="int"/>
       <att name="Child_bottomBorderRadius" value="10" type="int"/>
<att name="Shadow_color" value="0,0,0" type="RGB"/>
<att name="Shadow_x" value="0" type="Integer"/>
<att name="Shadow_y" value="0" type="Integer"/>
<att name="BlurRadius" value="0" type="Integer"/>
<att name="InnerShadow" value="false" type="Boolean"/>
<att name="TxtShadow_color" value="0,0,0" type="RGB"/>
<att name="TxtShadow_x" value="0" type="Integer"/>
<att name="TxtShadow_y" value="0" type="Integer"/>
<att name="TxtBlurRadius" value="0" type="Integer"/>
        <att name="FontNameMap" value="XHTML Adv Android,Arial" type="map"/>
        <att name="FontNameMap" value="SPA Android,Arial" type="map"/>
        <att name="ApplicablePlatforms" value="1111100111110111111111110000111" type="String"/>
        <att name="UseNative" value="false" type="Boolean"/>
        <att name="Font_color_override" value="true" type="Boolean"/>
        <att name="Font_name_override" value="true" type="Boolean"/>
        <att name="Font_size_override" value="true" type="Boolean"/>
        <att name="Font_style_override" value="true" type="Boolean"/>
        <att name="Font_weight_override" value="true" type="Boolean"/>
        <att name="Bg_color_override" value="true" type="Boolean"/>
        <att name="Chart2d3dProperties" value="" type="String"/>
    </skin>
    <skin>
        <att name="Name" value="sknLblFontWhite" type="String"/>
        <att name="WidgetType" value="Label" type="String"/>
        <att name="Bg_type" value="3" type="int"/>
        <att name="Background_color" value="255,255,255" type="RGB"/>
        <att name="Rightbackground_color" value="255,255,255" type="RGB"/>
        <att name="Bg_gradient_style" value="0" type="int"/>
        <att name="Rightbg_gradient_style" value="0" type="int"/>
        <att name="Background_gradient_top_color" value="255,255,255" type="RGB"/>
        <att name="Background_gradient_bottom_color" value="255,255,255" type="RGB"/>
        <att name="Rightbackground_gradient_top_color" value="255,255,255" type="RGB"/>
        <att name="Rightbackground_gradient_bottom_color" value="255,255,255" type="RGB"/>
        <att name="Background_gradient_top_colorSet" value="0" type="int"/>
        <att name="Background_gradient_bottom_colorSet" value="0" type="int"/>
        <att name="Background_image" value="" type="String"/>
        <att name="MobileBackground_image" value="" type="String"/>
        <att name="TabletBackground_image" value="" type="String"/>
        <att name="DesktopBackground_image" value="" type="String"/>
        <att name="Right_background_image" value="" type="String"/>
        <att name="Mobile_right_background_image" value="" type="String"/>
        <att name="Tablet_right_background_image" value="" type="String"/>
        <att name="Desktop_right_background_image" value="" type="String"/>
        <att name="Bg_iphone_image" value="" type="String"/>
        <att name="Bg_android_image" value="" type="String"/>
        <att name="Bg_palm_image" value="" type="String"/>
        <att name="Bg_normal_image" value="" type="String"/>
        <att name="Bg_medium_image" value="" type="String"/>
        <att name="Bg_small_image" value="" type="String"/>
        <att name="Bg_gradient" value="false,0,00000000 0,ffffff00 100,midpoints:50,positions:0 545,xpositionValues:0 100" type="String"/>
        <att name="Bg_bb_image" value="" type="String"/>
        <att name="Bg_bb10_image" value="" type="String"/>
        <att name="Bg_winmobile_image" value="" type="String"/>
        <att name="Bg_winphone8_image" value="" type="String"/>
        <att name="Bg_windows8_image" value="" type="String"/>
        <att name="Bg_winmobile6x_image" value="" type="String"/>
        <att name="Bg_iphoneiui_image" value="" type="String"/>
        <att name="Bg_j2me_image" value="" type="String"/>
        <att name="Bg_symbian_image" value="" type="String"/>
        <att name="Bg_ipad_image" value="" type="String"/>
        <att name="Bg_android_rc_tablet_image" value="" type="String"/>
        <att name="Bg_adviphone_image" value="" type="String"/>
        <att name="Bg_adv_bb_image" value="" type="String"/>
        <att name="Bg_advpalm_image" value="" type="String"/>
        <att name="Bg_advandroid_image" value="" type="String"/>
        <att name="Bg_advother_image" value="" type="String"/>
        <att name="Bg_advnth_image" value="" type="String"/>
        <att name="Bg_spaiphone_image" value="" type="String"/>
        <att name="Bg_spabb_image" value="" type="String"/>
        <att name="Bg_spaandroid_image" value="" type="String"/>
        <att name="Bg_spa_windows_image" value="" type="String"/>
        <att name="Bg_spa_winphone8_image" value="" type="String"/>
        <att name="Bg_spa_bbnth_image" value="" type="String"/>
        <att name="Bg_js240_image" value="" type="String"/>
        <att name="Bg_js320_image" value="" type="String"/>
        <att name="Bg_js480_image" value="" type="String"/>
        <att name="Bg_desktopKiosk_image" value="" type="String"/>
        <att name="Bg_desktopWeb_image" value="" type="String"/>
        <att name="Bg_spaipad_image" value="" type="String"/>
        <att name="Bg_spaandroid_tablet_image" value="" type="String"/>
        <att name="Bg_spawindows_tablet_image" value="" type="String"/>
        <att name="Font_weight" value="normal" type="String"/>
        <att name="Font_style" value="none" type="String"/>
        <att name="Font_size" value="130" type="String"/>
        <att name="Font_color" value="0,0,0" type="RGB"/>
        <att name="Font_color_alpha" value="0" type="String"/>
        <att name="Rightfont_weight" value="normal" type="String"/>
        <att name="Rightfont_style" value="" type="String"/>
        <att name="Rightfont_size" value="100" type="String"/>
        <att name="Rightfont_name" value="None" type="String"/>
        <att name="BorderType" value="0" type="int"/>
        <att name="Border_color" value="0,0,0" type="RGB"/>
        <att name="Border_width" value="0" type="Integer"/>
        <att name="Border_style" value="0" type="int"/>
        <att name="Bg_img_style" value="0" type="int"/>
        <att name="Bg_one_color_style" value="0" type="int"/>
        <att name="Platform" value="45" type="int"/>
        <att name="arcRadius" value="0" type="int"/>
        <att name="Stretch_image" value="false" type="Boolean"/>
        <att name="Bg_height" value="15" type="Integer"/>
        <att name="Repeat_image" value="false" type="Boolean"/>
        <att name="Repeat_vertically_image" value="false" type="Boolean"/>
        <att name="CustomCss" value="false" type="Boolean"/>
        <att name="Split_value" value="50" type="String"/>
        <att name="Bg_alpha" value="0" type="String"/>
        <att name="Bg_top_alpha" value="0" type="String"/>
        <att name="Bg_bottom_alpha" value="0" type="String"/>
        <att name="Right_bg_alpha" value="0" type="String"/>
        <att name="Right_bg_top_alpha" value="0" type="String"/>
        <att name="Right_bg_bottom_alpha" value="0" type="String"/>
        <att name="Border_color_alpha" value="0" type="String"/>
        <att name="PgIndicatorImgURL" value="" type="String"/>
        <att name="PgIndicatorImgPositon" value="" type="String"/>
        <att name="PgIndicatorImgWidget" value="Button" type="String"/>
        <att name="ProgressIndicatorComposite_style" value="3" type="int"/>
        <att name="ProgressIndicatorComposite_color" value="255,255,255" type="RGB"/>
        <att name="ProgressIndicatorColourOpacity" value="100" type="int"/>
        <att name="BlockingImgURL" value="" type="String"/>
        <att name="BlockingImgPositon" value="" type="String"/>
        <att name="BlockingImgWidget" value="Button" type="String"/>
       <att name="TopBorderWidth" value="0" type="int"/>
       <att name="TopBorderColor" value="0,0,0" type="RGB"/>
       <att name="TopBorderColorTransparency" value="0" type="int"/>
       <att name="TopBorderStyle" value="plain" type="String"/>
       <att name="TopBorderRadius" value="10" type="int"/>
       <att name="LeftBorderWidth" value="0" type="int"/>
       <att name="LeftBorderColor" value="0,0,0" type="RGB"/>
       <att name="LeftBorderColorTransparency" value="0" type="int"/>
       <att name="LeftBorderStyle" value="plain" type="String"/>
       <att name="LeftBorderRadius" value="10" type="int"/>
       <att name="BottomBorderWidth" value="0" type="int"/>
       <att name="BottomBorderColor" value="0,0,0" type="RGB"/>
       <att name="BottomBorderColorTransparency" value="0" type="int"/>
       <att name="BottomBorderStyle" value="plain" type="String"/>
       <att name="BottomBorderRadius" value="10" type="int"/>
       <att name="RightBorderWidth" value="0" type="int"/>
       <att name="RightBorderColor" value="0,0,0" type="RGB"/>
       <att name="RightBorderColorTransparency" value="0" type="int"/>
       <att name="RightBorderStyle" value="plain" type="String"/>
       <att name="RightBorderRadius" value="10" type="int"/>
       <att name="Child_topBorderRadius" value="10" type="int"/>
       <att name="Child_leftBorderRadius" value="10" type="int"/>
       <att name="Child_rightBorderRadius" value="10" type="int"/>
       <att name="Child_bottomBorderRadius" value="10" type="int"/>
<att name="Shadow_color" value="0,0,0" type="RGB"/>
<att name="Shadow_x" value="0" type="Integer"/>
<att name="Shadow_y" value="0" type="Integer"/>
<att name="BlurRadius" value="0" type="Integer"/>
<att name="InnerShadow" value="false" type="Boolean"/>
<att name="TxtShadow_color" value="0,0,0" type="RGB"/>
<att name="TxtShadow_x" value="0" type="Integer"/>
<att name="TxtShadow_y" value="0" type="Integer"/>
<att name="TxtBlurRadius" value="0" type="Integer"/>
        <att name="FontNameMap" value="XHTML Adv Android,Arial" type="map"/>
        <att name="FontNameMap" value="SPA Android,Arial" type="map"/>
        <att name="ApplicablePlatforms" value="1111100111110111111111110000111" type="String"/>
        <att name="UseNative" value="false" type="Boolean"/>
        <att name="Font_color_override" value="true" type="Boolean"/>
        <att name="Font_name_override" value="true" type="Boolean"/>
        <att name="Font_size_override" value="true" type="Boolean"/>
        <att name="Font_style_override" value="true" type="Boolean"/>
        <att name="Font_weight_override" value="true" type="Boolean"/>
        <att name="Bg_color_override" value="true" type="Boolean"/>
        <att name="Chart2d3dProperties" value="" type="String"/>
    </skin>
</skins>