<?xml version="1.0" encoding="UTF-8" standalone="yes"?>
<application name="PALJSSigCapture" id="PALJSSigCapture">
    <container type="form" id="frmOfflineSigCaptureWrkng" displayname="Form">
        <attributes value="true" platform="general" name="oldproject" datatype="boolean"/>
    </container>
    <container type="form" id="frmOfflineSigCapture" displayname="Form">
        <attributes value="true" platform="general" name="oldproject" datatype="boolean"/>
    </container>
    <globalsequences/>
    <skins/>
</application>
