<projectskin>
    <skin name="textfield_skin_focus" value="whiteroundFocused"/>
    <skin name="phone_skin" value="gradroundph"/>
    <skin name="calendar_skin_focus" value="gradroundFocus"/>
    <skin name="datagrid_header_skin" value="konydata"/>
    <skin name="richtext_skin" value="trans"/>
    <skin name="imagegallery_skin_focus" value="whiteroundFocused"/>
    <skin name="textarea_skin_focus" value="whiteroundFocused"/>
    <skin name="textfield_skin" value="whiterounftb"/>
    <skin name="listbox_skin" value="gradroundlist"/>
    <skin name="win_image_skin" value="whiteround"/>
    <skin name="win6x_image_skin" value="whiteround"/>
    <skin name="segment_skin_focus" value="whiteroundFocused"/>
    <skin name="label_skin" value="trans"/>
    <skin name="camera_skin" value="gradroundcam"/>
    <skin name="combobox_skin_focus" value="gradroundFocus"/>
    <skin name="calendar_skin" value="gradroundcal"/>
    <skin name="combobox_skin" value="gradroundcom"/>
    <skin name="link_skin_focus" value="transfontFocused"/>
    <skin name="segment_skin" value="whiteroundseg"/>
    <skin name="datagrid_row_skin" value="rowskin"/>
    <skin name="radiobuttongroup_skin_focus" value="blueroundFocus"/>
    <skin name="button_skin" value="gradroundbtn"/>
    <skin name="form_skin" value="formgrad"/>
    <skin name="radiobuttongroup_skin" value="blueroundrad"/>
    <skin name="link_skin" value="transfontblue"/>
    <skin name="textarea_skin" value="whiteroundta"/>
    <skin name="button_skin_focus" value="gradroundfocusbtn"/>
    <skin name="checkboxgroup_skin" value="blueroundchk"/>
    <skin name="camera_skin_focus" value="gradroundFocus"/>
    <skin name="line_skin" value="konyline"/>
    <skin name="himgstrip_skin_focus" value="whiteroundFocused"/>
    <skin name="form_menu_skin" value="blueplain"/>
    <skin name="checkboxgroup_skin_focus" value="blueroundFocus"/>
    <skin name="imagegallery_skin" value="whiteround"/>
    <skin name="tab_skin" value="whiteround"/>
    <skin name="phone_skin_focus" value="gradroundFocus"/>
    <skin name="listbox_skin_focus" value="gradroundFocus"/>
    <skin name="himgstrip_skin" value="whiteround"/>
</projectskin>