<?xml version="1.0" encoding="UTF-8" standalone="yes"?><appEvents><appservice><evtSequence><enabled>true</enabled><seqname></seqname></evtSequence></appservice><deeplink><evtSequence><enabled>true</enabled><seqname></seqname></evtSequence></deeplink><onsearch><evtSequence><enabled>true</enabled><seqname></seqname></evtSequence></onsearch><onviewstatechange><evtSequence><enabled>true</enabled><seqname></seqname></evtSequence></onviewstatechange><postappinit><evtSequence><enabled>false</enabled><seqname></seqname></evtSequence></postappinit><preappinit><evtSequence><enabled>false</enabled><seqname></seqname></evtSequence></preappinit><settingsmenuitems><evtSequence><enabled>true</enabled><seqname></seqname></evtSequence></settingsmenuitems></appEvents>