<application id="SigCaptureCW" name="SigCaptureCW" cwixmlversion="2.0" language="js"><jsnamespace namespace="SigCapCustomWidget" iphoneheaders="SigCapCustomWidget.zip:SigCapCustomWidget.h;T1SignaturePoint.h;T1Signature.h;T1Autograph.h" ipadheaders="SigCapCustomWidget.zip:SigCapCustomWidget.h;T1SignaturePoint.h;T1Signature.h;T1Autograph.h"><cwiclasses><cwiclass jsname="SigCapCustomWidget"><classmappings><classmapping platform="iphone" library="SigCapCustomWidget.zip" namespace="" widgetclass="SigCapCustomWidget" eventdelegateclass="" frameworks="" /><classmapping platform="ipad" library="SigCapCustomWidget.zip" namespace="" widgetclass="SigCapCustomWidget" eventdelegateclass="" frameworks="" /></classmappings><widgetproperties><property name="sigbase64" type="String" programmable="true"><mappings><mapping platform="iphone" type="NSString"/><mapping platform="ipad" type="NSString"/></mappings></property><property name="clearsig" type="String" programmable="true"><mappings><mapping platform="iphone" type="NSString"/><mapping platform="ipad" type="NSString"/></mappings></property></widgetproperties><widgetmethods></widgetmethods></cwiclass></cwiclasses></jsnamespace></application>