<?xml version="1.0" encoding="UTF-8" standalone="yes"?>
<plugins>
    <pluginInfo version-no="6.0.3.GA_v201503251356" plugin-id="com.pat.tool.keditor.KEditorPlugin" plugin-name="Kony Studio"/>
    <pluginInfo version-no="6.0.3.GA_v201503251251" plugin-name="Third Party Jars Plug-in"/>
    <pluginInfo version-no="6.0.3.GA_v201503251251" plugin-id="com.pat.soapui.SoapUIPlugin" plugin-name="Soap UI Plugin"/>
    <pluginInfo version-no="6.0.3.GA_v201503251259" plugin-name="Kony Codegenerator"/>
    <pluginInfo version-no="6.0.3.GA_v201503251255" plugin-id="com.kony.nativecodegen.NativeCodeGenPlugin" plugin-name="Nativecodegen"/>
    <pluginInfo version-no="6.0.3.GA_v201503251251" plugin-name="Kony Studio Licensing"/>
    <pluginInfo version-no="6.0.3.GA_v201503261240" plugin-id="com.kony.cloudmiddleware.Activator" plugin-name="CloudMiddlewarePlugin"/>
    <pluginInfo version-no="6.0.3.GA_v201503261240" plugin-id="com.kony.cloudthirdparty.Activator" plugin-name="CloudThirdPartyPlugin"/>
    <pluginInfo version-no="6.0.3.GA_v201503251754" plugin-id="com.viz.ide.VisualiserIDEPlugin" plugin-name="Visualizer Integration Plugin"/>
    <pluginInfo version-no="6.0.3.GA_v201503251722" plugin-id="com.kony.studio.cloud.StudioCloudPlugin" plugin-name="Kony Studio Cloud Integration"/>
    <pluginInfo version-no="6.0.3.GA_v201503251722" plugin-id="com.kony.studio.sky.SkyPlugin" plugin-name="Sky Data Explorer"/>
    <pluginInfo version-no="6.0.3.GA_v201503251758" plugin-name="Functional Preview Plugin"/>
    <pluginInfo version-no="6.0.3.GA_v201503261654" plugin-id="com.pat.android.Activator" plugin-name="Tablet Android"/>
    <pluginInfo version-no="6.0.3.GA_v201503261654" plugin-id="com.pat.android.Activator" plugin-name="Android"/>
    <pluginInfo version-no="6.0.3.GA_v201503251801" plugin-id="thinclientplugin.Activator" plugin-name="ThinClient"/>
    <pluginInfo version-no="6.0.3.GA_v201503251734" plugin-name="SPA"/>
    <pluginInfo version-no="6.0.3.GA_v201503261140" plugin-name="Desktop Web"/>
    <pluginInfo version-no="6.0.3.GA_v201503252210" plugin-id="com.kony.sync.ide.SyncPlugin" plugin-name="Kony Sync"/>
    <pluginInfo version-no="6.0.3.GA_v201503251811" plugin-id="com.kony.web.Activator" plugin-name="Kony Web Commons"/>
    <pluginInfo version-no="6.0.3.GA_v201503250510" plugin-id="iosplugin.Activator" plugin-name="iOS Plugin"/>
    <pluginInfo version-no="6.0.3.GA_v201502181720" plugin-id="com.kony.mobile.fabric.client.sdk.MBaasSDKPlugin" plugin-name="MobileFabric Client SDK"/>
</plugins>
