<?xml version="1.0" encoding="UTF-8" standalone="yes"?><javaScriptFFIContainer><namespaces name="SigCapCustomWidget"><jsClasses xmlns:xsi="http://www.w3.org/2001/XMLSchema-instance" xsi:type="javaScriptRCCustomWidget"><constructors/><mappings platformId="1"><nativeClasses xsi:type="jsCustomWidgetNativeClass" frameworks="" library="SigCapCustomWidget.zip" name="" packageName=""><constructors constructor="true" name="" static="true"/><versionSpecificLibraries><entry><key>5.0</key></entry><entry><key>6.0</key></entry></versionSpecificLibraries><eventDelegateProtocol></eventDelegateProtocol><widgetClassName>SigCapCustomWidget</widgetClassName></nativeClasses></mappings><mappings platformId="16"><nativeClasses xsi:type="jsCustomWidgetNativeClass" frameworks="" library="SigCapCustomWidget.zip" name="" packageName=""><constructors constructor="true" name="" static="true"/><versionSpecificLibraries><entry><key>5.0</key></entry><entry><key>6.0</key></entry></versionSpecificLibraries><eventDelegateProtocol></eventDelegateProtocol><widgetClassName>SigCapCustomWidget</widgetClassName></nativeClasses></mappings><name>SigCapCustomWidget</name><id>jsRCCustomWidget19840434154</id><imageName>mediaplchldr.png</imageName><properties><customProperties dataType="String" name="sigbase64"><categoryType></categoryType><defaultValue><stringValue></stringValue></defaultValue><id>jsRCCustomProperty198404341534</id><ideType>String</ideType><isProgrammable>true</isProgrammable><mappings><library></library><nativeProperty><nativeType>NSString</nativeType><returnType>NSString</returnType></nativeProperty><platformId>1</platformId></mappings><mappings><library></library><nativeProperty><nativeType>NSString</nativeType><returnType>NSString</returnType></nativeProperty><platformId>16</platformId></mappings></customProperties><customProperties dataType="String" name="clearsig"><categoryType></categoryType><id>jsRCCustomProperty198404341539</id><ideType>String</ideType><isProgrammable>true</isProgrammable><mappings><library></library><nativeProperty><nativeType>NSString</nativeType><returnType>NSString</returnType></nativeProperty><platformId>1</platformId></mappings><mappings><library></library><nativeProperty><nativeType>NSString</nativeType><returnType>NSString</returnType></nativeProperty><platformId>16</platformId></mappings></customProperties></properties></jsClasses></namespaces></javaScriptFFIContainer>