<?xml version="1.0" encoding="UTF-8" standalone="yes"?><application smscode="" name="" id="" desc=""><app-config/><services><service smsenabled="false" smscode="" type="jsonConnector" id="peopleSearch" cacheduration="" cachable="false"><service-config><config-param value="http://api.pipl.com/search/v3/json/?first_name=$fname&amp;last_name=$lname&amp;exact_name=0&amp;query_params_mode=and&amp;key=n2m2m7eyyy7a4ej4hhq3y7gu" name="endpointUrl"/><config-param value="" name="postprocessorname"/><config-param value="" name="preprocessorname"/><config-param value="" name="urlprovider"/><config-param value="" name="dataprovider"/><config-param value="" name="sockettimeout"/><config-param value="" name="proxyname"/><config-param value="" name="proxyport"/><config-param value="" name="proxyusername"/><config-param value="GET" name="http.method"/><config-param value="false" name="isembedxmlpresent"/><config-param value="UTF-8" name="responseEncoding"/><config-param value="basic" name="server.auth.mode"/><config-param value="" name="server.auth.host"/><config-param value="" name="server.auth.ntlm.domain"/></service-config><service-input><param targetdatatype="" target="" srcformatvalue="" src="request" sms-name="" order="" name="fname" formatvalue="" format="" encode="false" value="" datatype="string"><accessType></accessType></param><param targetdatatype="" target="" srcformatvalue="" src="request" sms-name="" order="" name="lname" formatvalue="" format="" encode="false" value="" datatype="string"><accessType></accessType></param></service-input><service-output><param targetdatatype="" target="response" srcformatvalue="" src="." sms-name="" order="" name="pplObj" formatvalue="" format="None" encode="false" value="" datatype="string"><accessType></accessType></param><param targetdatatype="" target="" srcformatvalue="" src="" sms-name="" order="" name="opstatus" formatvalue="" format="None" encode="false" value="" datatype="number"><accessType></accessType></param><param targetdatatype="" target="" srcformatvalue="" src="" sms-name="" order="" name="errmsg" formatvalue="" format="None" encode="false" value="" datatype="string"><accessType></accessType></param><param targetdatatype="" target="" srcformatvalue="" src="" sms-name="" order="" name="httpStatusCode" formatvalue="" format="None" encode="false" value="" datatype="number"><accessType></accessType></param></service-output></service></services></application>