<?xml version="1.0" encoding="UTF-8" standalone="yes"?><appSettingContainer><appSettingsGroups><name>common</name><render><desktop_kiosk_channel>true</desktop_kiosk_channel><desktop_web_channel>true</desktop_web_channel><mixed_android>true</mixed_android><mixed_android_tab>true</mixed_android_tab><mixed_bb>true</mixed_bb><mixed_ipad>true</mixed_ipad><mixed_iphone>true</mixed_iphone><rc_android>true</rc_android><rc_android_tab>true</rc_android_tab><rc_blackberry>true</rc_blackberry><rc_blackberry10>true</rc_blackberry10><rc_ipad>true</rc_ipad><rc_iphone>true</rc_iphone><rc_j2me>true</rc_j2me><rc_palm>true</rc_palm><rc_symbian>true</rc_symbian><rc_windows8>true</rc_windows8><rc_winmobile>true</rc_winmobile><rc_winmobile6x>true</rc_winmobile6x><rc_winphone8>true</rc_winphone8><tabspa_ipad>true</tabspa_ipad><tabspa_windows>true</tabspa_windows><tabspaspa_android>true</tabspaspa_android><tc_spaandroid>true</tc_spaandroid><tc_spabb>true</tc_spabb><tc_spabb_nth>true</tc_spabb_nth><tc_spaiphone>true</tc_spaiphone><tc_spawindows>true</tc_spawindows><tc_spawinphone8>true</tc_spawinphone8><tc_xhtml>true</tc_xhtml><tc_xhtml_advandroid1>true</tc_xhtml_advandroid1><tc_xhtml_advbb>true</tc_xhtml_advbb><tc_xhtml_adviphone1>true</tc_xhtml_adviphone1><tc_xhtml_advnth>true</tc_xhtml_advnth><tc_xhtml_advpalm1>true</tc_xhtml_advpalm1><tc_xhtml_js>true</tc_xhtml_js><wrapper_android>true</wrapper_android><wrapper_android_tab>true</wrapper_android_tab><wrapper_bb>true</wrapper_bb><wrapper_ipad>true</wrapper_ipad><wrapper_iphone>true</wrapper_iphone></render></appSettingsGroups></appSettingContainer>