<?xml version="1.0" encoding="UTF-8" standalone="yes"?><splashData><landscape_animationDuration>10</landscape_animationDuration><landscape_animation_interruptable>false</landscape_animation_interruptable><landscape_splash_image></landscape_splash_image><landscape_splash_video></landscape_splash_video><launchMode>Both</launchMode><portrait_animationDuration>10</portrait_animationDuration><portrait_splash_image>0=splash.9.png,1=splash_320x480.png,8=splash.9.png,2=splash_360x480.png,16=splash_768x1024.png,18=splash_720x1280.png,37=splash_1280x720.png,23=splash.9.png,1001=splash_720x1280.png,31=splash_768x1024.png,32=splash_720x1280.png,22=splash_320x480.png</portrait_splash_image><portrait_splash_video></portrait_splash_video><potrait_animation_interruptable>false</potrait_animation_interruptable></splashData>