<application id="presalesec2" name="PreSales" ffixmlversion="1.0" language="js"><jsnamespace namespace="captureSignature" iphoneheaders="" ipadheaders="KonySignature.zip:KonySignature.h"><jsclasses></jsclasses><jsfunctions><jsfunction name="getSignatureData" returntype="Object"><params><param name="Signature" type="String"/><param name="strokeWidth" type="Number"/><param name="strokeColor" type="String"/><param name="showClearButton" type="Boolean"/><param name="shakeToCancelEnabled" type="Boolean"/><param name="callBack" type="Function"/></params><mappings><mapping platform="ipad" library="KonySignature.zip" namespace="" class="KonySignature" static="true" method="presentSignanurePainterWithTitle:strokeWidth:strokeColor:showClearButon:shakeToCancelEnabled:callback:" returntype="NSDictionary"  frameworks=""><params><param type="NSString"/><param type="int"/><param type="NSString"/><param type="BOOL"/><param type="BOOL"/><param type="Callback"/></params></mapping></mappings></jsfunction></jsfunctions></jsnamespace></application>