<application id="KonyFieldService" name="KonyFieldServiceDemo" ffixmlversion="1.0" language="js"><jsnamespace namespace="signatureFFI" iphoneheaders="KonySignature.zip:KonySignature.h" ipadheaders=""><jsclasses></jsclasses><jsfunctions><jsfunction name="getSignature" returntype="void"><params><param name="callbackBase" type="Function"/></params><mappings><mapping platform="android" library="signCapture.jar" namespace="com.kony" class="Sign" static="true" method="getSign" returntype="void"  frameworks=""><params><param type="com.konylabs.vm.Function"/></params></mapping></mappings></jsfunction><jsfunction name="getSignatureIphone" returntype="Object"><params><param name="Signature" type="String"/><param name="strokeWidth" type="Number"/><param name="strokeColor" type="String"/><param name="showClearButton" type="Boolean"/><param name="shakeToCancelEnabled" type="Boolean"/><param name="callBack" type="Function"/></params><mappings><mapping platform="iphone" library="KonySignature.zip" namespace="" class="KonySignature" static="true" method="presentSignanurePainterWithTitle:strokeWidth:strokeColor:showClearButon:shakeToCancelEnabled:callback:" returntype="NSDictionary"  frameworks=""><params><param type="NSString"/><param type="int"/><param type="NSString"/><param type="BOOL"/><param type="BOOL"/><param type="Callback"/></params></mapping></mappings></jsfunction></jsfunctions></jsnamespace></application>