<?xml version="1.0" encoding="UTF-8" standalone="yes"?><application smscode="" name="" id="" desc=""><app-config/><services><service smsenabled="false" smscode="" type="plainxmlserviceConnector" id="getPreferencesVA" cacheduration="" cachable="false"><service-config><config-param value="http://vertapp1.konylabs.net/ApplicationPreferences/GetPreferences?application=$application&amp;instance=$instance&amp;channel=$platformName&amp;category=$category&amp;locale=$locale" name="endpointUrl"/><config-param value="" name="postprocessorname"/><config-param value="" name="preprocessorname"/><config-param value="" name="urlprovider"/><config-param value="" name="dataprovider"/><config-param value="" name="sockettimeout"/><config-param value="" name="proxyname"/><config-param value="" name="proxyport"/><config-param value="" name="proxyusername"/><config-param value="" name="http.method"/><config-param value="false" name="isembedxmlpresent"/><config-param value="UTF-8" name="responseEncoding"/><config-param value="basic" name="server.auth.mode"/><config-param value="" name="server.auth.host"/><config-param value="" name="server.auth.ntlm.domain"/></service-config><service-input><header name="" datatype=""><param targetdatatype="" target="" srcformatvalue="" src="" sms-name="" order="" name="application" formatvalue="" format="None" encode="false" datatype="string"/><param targetdatatype="" target="" srcformatvalue="" src="" sms-name="" order="" name="instance" formatvalue="" format="None" encode="false" datatype="string"/><param targetdatatype="" target="" srcformatvalue="" src="" sms-name="" order="" name="category" formatvalue="" format="None" encode="false" datatype="string"/><param targetdatatype="" target="" srcformatvalue="" src="" sms-name="" order="" name="platformName" formatvalue="" format="None" encode="false" datatype="string"/><param targetdatatype="" target="" srcformatvalue="" src="" sms-name="" order="" name="locale" formatvalue="" format="None" encode="false" datatype="string"/></header><param targetdatatype="" target="" srcformatvalue="" src="request" sms-name="" order="" name="application" formatvalue="" format="" encode="true" datatype="string"/><param targetdatatype="" target="" srcformatvalue="" src="request" sms-name="" order="" name="instance" formatvalue="" format="" encode="true" datatype="string"/><param targetdatatype="" target="" srcformatvalue="" src="request" sms-name="" order="" name="platformName" formatvalue="" format="" encode="true" datatype="string"/><param targetdatatype="" target="" srcformatvalue="" src="request" sms-name="" order="" name="category" formatvalue="" format="" encode="true" datatype="string"/><param targetdatatype="" target="" srcformatvalue="" src="request" sms-name="" order="" name="locale" formatvalue="" format="" encode="true" datatype="string"/></service-input><service-output><dataset src="/preferences" order="" id="root"><param targetdatatype="" target="response" srcformatvalue="" src="preference/key" sms-name="" order="" name="keyID" formatvalue="" format="None" encode="false" datatype="string"/><param targetdatatype="" target="response" srcformatvalue="" src="preference/value" sms-name="" order="" name="value" formatvalue="" format="None" encode="false" datatype="string"/></dataset><param targetdatatype="" target="" srcformatvalue="" src="" sms-name="" order="" name="opstatus" formatvalue="" format="None" encode="false" datatype="number"/><param targetdatatype="" target="" srcformatvalue="" src="" sms-name="" order="" name="errmsg" formatvalue="" format="None" encode="false" datatype="string"/><param targetdatatype="" target="" srcformatvalue="" src="" sms-name="" order="" name="httpStatusCode" formatvalue="" format="None" encode="false" datatype="number"/></service-output></service></services></application>